{"distinct": [{"__class__": "tuple", "__value__": [{"1": "3289", "Agreement ID": "ba00001", "Agreement Name": "ba00001", "Trade Reference": "03268", "Trade Date": "19 06 2012", "Maturity Date": "20 11 2028", "Exchanged Notional 1 Currency": "dkk", "Exchanged Notional 1 Amount": "88000000", "Exchanged Notional 2 Currency": "cad", "Exchanged Notional 2 Amount": "17600000", "Product Type": "fx swap", "Valuation Base Currency": "usd", "Valuation Base Currency Amount": "1785124.625", "Valuation Date": "27 09 2018", "Valuation Native Currency": "dkk", "Valuation Native Currency Amount": "11157028.9", "Effective Date": "21 06 2012", "Buy/Sell": null, "Put/Call": null, "Strike Price": "0.844", "Underlying": null, "Independent Amount Party A": null, "Independent Amount Party B": null, "Party A branch ID": "3645457", "Party A branch Name": "entityb", "Party B branch ID": "983400120", "Party B branch Name": "entitya", "ENTITYB_STATUS": "active"}, {"Agreement ID": "ba00001", "Trade Reference": "02770", "Party A branch Name": "entitya", "Product Type": "cross currency swap", "Trade Date": "10 21 2009", "Maturity Date": "10 25 2023", "Effective Date": "10 23 2009", "Exchanged Notional 1 Currency": "chf", "Exchanged Notional 1 Amount": "80000000", "Valuation Date": "09 27 2018", "Valuation Native Currency": "chf", "Valuation Native Currency Amount": "7562811.816", "Valuation Base Currency Amount": "7714068.052", "Independent Amount Party A": null, "Strike Price": null, "Underlying": null, "Buy/Sell": "receiver", "Put/Call": null}]}, {"__class__": "tuple", "__value__": [{"1": "1999", "Agreement ID": "ba00001", "Agreement Name": "ba00001", "Trade Reference": "01978", "Trade Date": "08 01 2018", "Maturity Date": "10 05 2021", "Exchanged Notional 1 Currency": "eur", "Exchanged Notional 1 Amount": "35000000", "Exchanged Notional 2 Currency": "gbp", "Exchanged Notional 2 Amount": "31850000", "Product Type": "fx swap", "Valuation Base Currency": "usd", "Valuation Base Currency Amount": "1361259.201", "Valuation Date": "27 09 2018", "Valuation Native Currency": "eur", "Valuation Native Currency Amount": "1173499.311", "Effective Date": "10 01 2018", "Buy/Sell": null, "Put/Call": null, "Strike Price": "0.256", "Underlying": "eib", "Independent Amount Party A": null, "Independent Amount Party B": null, "Party A branch ID": "3645457", "Party A branch Name": "entityb", "Party B branch ID": "983400120", "Party B branch Name": "entitya", "ENTITYB_STATUS": "active"}, {"Agreement ID": "ba00001", "Trade Reference": "03605", "Party A branch Name": "entitya", "Product Type": "interest rate swap basis", "Trade Date": "01 30 2006", "Maturity Date": "08 14 2024", "Effective Date": "02 01 2006", "Exchanged Notional 1 Currency": "dkk", "Exchanged Notional 1 Amount": "38000000", "Valuation Date": "09 27 2018", "Valuation Native Currency": "dkk", "Valuation Native Currency Amount": "1733392.385", "Valuation Base Currency Amount": "277342.7815", "Independent Amount Party A": null, "Strike Price": null, "Underlying": null, "Buy/Sell": "payer", "Put/Call": null}]}, {"__class__": "tuple", "__value__": [{"1": "1606", "Agreement ID": "ba00001", "Agreement Name": "ba00001", "Trade Reference": "01585", "Trade Date": "26 02 2018", "Maturity Date": "21 02 2030", "Exchanged Notional 1 Currency": "eur", "Exchanged Notional 1 Amount": "75000000", "Exchanged Notional 2 Currency": "eur", "Exchanged Notional 2 Amount": "75000000", "Product Type": "interest rate swaption", "Valuation Base Currency": "usd", "Valuation Base Currency Amount": "8870450.766", "Valuation Date": "27 09 2018", "Valuation Native Currency": "eur", "Valuation Native Currency Amount": "7646940.315", "Effective Date": "28 02 2018", "Buy/Sell": "receiver", "Put/Call": "call", "Strike Price": null, "Underlying": "eib", "Independent Amount Party A": null, "Independent Amount Party B": null, "Party A branch ID": "3645457", "Party A branch Name": "entityb", "Party B branch ID": "983400120", "Party B branch Name": "entitya", "ENTITYB_STATUS": "active"}, {"Agreement ID": "ba00001", "Trade Reference": "01610", "Party A branch Name": "entitya", "Product Type": "cross currency swap", "Trade Date": "11 07 2006", "Maturity Date": "06 21 2019", "Effective Date": "11 09 2006", "Exchanged Notional 1 Currency": "chf", "Exchanged Notional 1 Amount": "18000000", "Valuation Date": "09 27 2018", "Valuation Native Currency": "chf", "Valuation Native Currency Amount": "1770072.125", "Valuation Base Currency Amount": "1805473.567", "Independent Amount Party A": null, "Strike Price": null, "Underlying": null, "Buy/Sell": "payer", "Put/Call": null}]}, {"__class__": "tuple", "__value__": [{"1": "4076", "Agreement ID": "ba00001", "Agreement Name": "ba00001", "Trade Reference": "04055", "Trade Date": "04 10 2006", "Maturity Date": "17 03 2023", "Exchanged Notional 1 Currency": "eur", "Exchanged Notional 1 Amount": "22000000", "Exchanged Notional 2 Currency": "eur", "Exchanged Notional 2 Amount": "22000000", "Product Type": "interest rate swap basis", "Valuation Base Currency": "usd", "Valuation Base Currency Amount": "116317.5245", "Valuation Date": "27 09 2018", "Valuation Native Currency": "eur", "Valuation Native Currency Amount": "100273.728", "Effective Date": "06 10 2006", "Buy/Sell": "receiver", "Put/Call": null, "Strike Price": null, "Underlying": "eib", "Independent Amount Party A": null, "Independent Amount Party B": null, "Party A branch ID": "3645457", "Party A branch Name": "entityb", "Party B branch ID": "983400120", "Party B branch Name": "entitya", "ENTITYB_STATUS": "active"}, {"Agreement ID": "ba00001", "Trade Reference": "04891", "Party A branch Name": "entitya", "Product Type": "fx swap", "Trade Date": "01 15 2018", "Maturity Date": "03 28 2023", "Effective Date": "01 17 2018", "Exchanged Notional 1 Currency": "dkk", "Exchanged Notional 1 Amount": "72000000", "Valuation Date": "09 27 2018", "Valuation Native Currency": "dkk", "Valuation Native Currency Amount": "5393556.876", "Valuation Base Currency Amount": "862969.1002", "Independent Amount Party A": null, "Strike Price": "0.202", "Underlying": null, "Buy/Sell": null, "Put/Call": null}]}, {"__class__": "tuple", "__value__": [{"1": "4342", "Agreement ID": "ba00001", "Agreement Name": "ba00001", "Trade Reference": "04321", "Trade Date": "10 04 2008", "Maturity Date": "14 01 2019", "Exchanged Notional 1 Currency": "eur", "Exchanged Notional 1 Amount": "11000000", "Exchanged Notional 2 Currency": "eur", "Exchanged Notional 2 Amount": "11000000", "Product Type": "interest rate swaption", "Valuation Base Currency": "usd", "Valuation Base Currency Amount": "390231.1872", "Valuation Date": "27 09 2018", "Valuation Native Currency": "eur", "Valuation Native Currency Amount": "336406.1958", "Effective Date": "14 04 2008", "Buy/Sell": "payer", "Put/Call": "call", "Strike Price": null, "Underlying": "eib", "Independent Amount Party A": null, "Independent Amount Party B": null, "Party A branch ID": "3645457", "Party A branch Name": "entityb", "Party B branch ID": "983400120", "Party B branch Name": "entitya", "ENTITYB_STATUS": "active"}, {"Agreement ID": "ba00001", "Trade Reference": "04201", "Party A branch Name": "entitya", "Product Type": "interest rate swap", "Trade Date": "12 07 2017", "Maturity Date": "12 09 2030", "Effective Date": "12 11 2017", "Exchanged Notional 1 Currency": "gbp", "Exchanged Notional 1 Amount": "11000000", "Valuation Date": "09 27 2018", "Valuation Native Currency": "gbp", "Valuation Native Currency Amount": "952631.3879", "Valuation Base Currency Amount": "1219368.177", "Independent Amount Party A": null, "Strike Price": null, "Underlying": null, "Buy/Sell": "receiver", "Put/Call": null}]}, {"__class__": "tuple", "__value__": [{"1": "1970", "Agreement ID": "ba00001", "Agreement Name": "ba00001", "Trade Reference": "01949", "Trade Date": "19 08 2014", "Maturity Date": "04 11 2030", "Exchanged Notional 1 Currency": "eur", "Exchanged Notional 1 Amount": "13000000", "Exchanged Notional 2 Currency": "gbp", "Exchanged Notional 2 Amount": "11830000", "Product Type": "fx swap", "Valuation Base Currency": "usd", "Valuation Base Currency Amount": "1152303.615", "Valuation Date": "27 09 2018", "Valuation Native Currency": "eur", "Valuation Native Currency Amount": "993365.1856", "Effective Date": "21 08 2014", "Buy/Sell": null, "Put/Call": null, "Strike Price": "0.534", "Underlying": "eib", "Independent Amount Party A": null, "Independent Amount Party B": null, "Party A branch ID": "3645457", "Party A branch Name": "entityb", "Party B branch ID": "983400120", "Party B branch Name": "entitya", "ENTITYB_STATUS": "active"}, {"Agreement ID": "ba00001", "Trade Reference": "01798", "Party A branch Name": "entitya", "Product Type": "interest rate swaption", "Trade Date": "08 18 2014", "Maturity Date": "09 23 2019", "Effective Date": "08 20 2014", "Exchanged Notional 1 Currency": "eur", "Exchanged Notional 1 Amount": "13000000", "Valuation Date": "09 27 2018", "Valuation Native Currency": "eur", "Valuation Native Currency Amount": "234574.862", "Valuation Base Currency Amount": "272106.8399", "Independent Amount Party A": null, "Strike Price": null, "Underlying": "eib", "Buy/Sell": "receiver", "Put/Call": "call"}]}, {"__class__": "tuple", "__value__": [{"1": "143", "Agreement ID": "ba00001", "Agreement Name": "ba00001", "Trade Reference": "00122", "Trade Date": "22 11 2007", "Maturity Date": "07 11 2019", "Exchanged Notional 1 Currency": "aud", "Exchanged Notional 1 Amount": "48000000", "Exchanged Notional 2 Currency": "aud", "Exchanged Notional 2 Amount": "48000000", "Product Type": "interest rate swaption", "Valuation Base Currency": "usd", "Valuation Base Currency Amount": "655384.6315", "Valuation Date": "27 09 2018", "Valuation Native Currency": "aud", "Valuation Native Currency Amount": "897787.1665", "Effective Date": "26 11 2007", "Buy/Sell": "payer", "Put/Call": "put", "Strike Price": null, "Underlying": null, "Independent Amount Party A": null, "Independent Amount Party B": null, "Party A branch ID": "3645457", "Party A branch Name": "entityb", "Party B branch ID": "983400120", "Party B branch Name": "entitya", "ENTITYB_STATUS": "active"}, {"Agreement ID": "ba00001", "Trade Reference": "01419", "Party A branch Name": "entitya", "Product Type": "fx swap", "Trade Date": "03 17 2008", "Maturity Date": "12 30 2021", "Effective Date": "03 19 2008", "Exchanged Notional 1 Currency": "chf", "Exchanged Notional 1 Amount": "59000000", "Valuation Date": "09 27 2018", "Valuation Native Currency": "chf", "Valuation Native Currency Amount": "1926847.716", "Valuation Base Currency Amount": "1965384.67", "Independent Amount Party A": null, "Strike Price": "0.784", "Underlying": null, "Buy/Sell": null, "Put/Call": null}]}, {"__class__": "tuple", "__value__": [{"1": "3249", "Agreement ID": "ba00001", "Agreement Name": "ba00001", "Trade Reference": "03228", "Trade Date": "06 08 2009", "Maturity Date": "07 04 2025", "Exchanged Notional 1 Currency": "dkk", "Exchanged Notional 1 Amount": "61000000", "Exchanged Notional 2 Currency": "dkk", "Exchanged Notional 2 Amount": "61000000", "Product Type": "interest rate swap basis", "Valuation Base Currency": "usd", "Valuation Base Currency Amount": "909920.8785", "Valuation Date": "27 09 2018", "Valuation Native Currency": "dkk", "Valuation Native Currency Amount": "5687005.491", "Effective Date": "10 08 2009", "Buy/Sell": "receiver", "Put/Call": null, "Strike Price": null, "Underlying": null, "Independent Amount Party A": null, "Independent Amount Party B": null, "Party A branch ID": "3645457", "Party A branch Name": "entityb", "Party B branch ID": "983400120", "Party B branch Name": "entitya", "ENTITYB_STATUS": "active"}, {"Agreement ID": "ba00001", "Trade Reference": "03528", "Party A branch Name": "entitya", "Product Type": "interest rate swap basis", "Trade Date": "05 28 2010", "Maturity Date": "09 26 2025", "Effective Date": "06 01 2010", "Exchanged Notional 1 Currency": "usd", "Exchanged Notional 1 Amount": "3000000", "Valuation Date": "09 27 2018", "Valuation Native Currency": "usd", "Valuation Native Currency Amount": "167026.0675", "Valuation Base Currency Amount": "167026.0675", "Independent Amount Party A": null, "Strike Price": null, "Underlying": "lib", "Buy/Sell": "receiver", "Put/Call": null}]}, {"__class__": "tuple", "__value__": [{"1": "1914", "Agreement ID": "ba00001", "Agreement Name": "ba00001", "Trade Reference": "01893", "Trade Date": "16 06 2011", "Maturity Date": "13 08 2019", "Exchanged Notional 1 Currency": "nok", "Exchanged Notional 1 Amount": "85000000", "Exchanged Notional 2 Currency": "aud", "Exchanged Notional 2 Amount": "13600000", "Product Type": "fx swap", "Valuation Base Currency": "usd", "Valuation Base Currency Amount": "1085185.217", "Valuation Date": "27 09 2018", "Valuation Native Currency": "nok", "Valuation Native Currency Amount": "9043210.143", "Effective Date": "20 06 2011", "Buy/Sell": null, "Put/Call": null, "Strike Price": "0.296", "Underlying": null, "Independent Amount Party A": null, "Independent Amount Party B": null, "Party A branch ID": "3645457", "Party A branch Name": "entityb", "Party B branch ID": "983400120", "Party B branch Name": "entitya", "ENTITYB_STATUS": "active"}, {"Agreement ID": "ba00001", "Trade Reference": "02119", "Party A branch Name": "entitya", "Product Type": "interest rate swaption", "Trade Date": "08 22 2011", "Maturity Date": "03 28 2019", "Effective Date": "08 24 2011", "Exchanged Notional 1 Currency": "sek", "Exchanged Notional 1 Amount": "79000000", "Valuation Date": "09 27 2018", "Valuation Native Currency": "sek", "Valuation Native Currency Amount": "1867206.893", "Valuation Base Currency Amount": "205392.7583", "Independent Amount Party A": null, "Strike Price": null, "Underlying": null, "Buy/Sell": "receiver", "Put/Call": "call"}]}, {"__class__": "tuple", "__value__": [{"1": "3803", "Agreement ID": "ba00001", "Agreement Name": "ba00001", "Trade Reference": "03782", "Trade Date": "19 02 2009", "Maturity Date": "17 08 2028", "Exchanged Notional 1 Currency": "dkk", "Exchanged Notional 1 Amount": "43000000", "Exchanged Notional 2 Currency": "dkk", "Exchanged Notional 2 Amount": "43000000", "Product Type": "interest rate swap basis", "Valuation Base Currency": "usd", "Valuation Base Currency Amount": "832765.2002", "Valuation Date": "27 09 2018", "Valuation Native Currency": "dkk", "Valuation Native Currency Amount": "5204782.501", "Effective Date": "23 02 2009", "Buy/Sell": "payer", "Put/Call": null, "Strike Price": null, "Underlying": null, "Independent Amount Party A": null, "Independent Amount Party B": null, "Party A branch ID": "3645457", "Party A branch Name": "entityb", "Party B branch ID": "983400120", "Party B branch Name": "entitya", "ENTITYB_STATUS": "active"}, {"Agreement ID": "ba00001", "Trade Reference": "03726", "Party A branch Name": "entitya", "Product Type": "interest rate swap", "Trade Date": "02 02 2009", "Maturity Date": "03 09 2027", "Effective Date": "02 04 2009", "Exchanged Notional 1 Currency": "gbp", "Exchanged Notional 1 Amount": "16000000", "Valuation Date": "09 27 2018", "Valuation Native Currency": "gbp", "Valuation Native Currency Amount": "1652627.868", "Valuation Base Currency Amount": "2115363.671", "Independent Amount Party A": null, "Strike Price": null, "Underlying": null, "Buy/Sell": "receiver", "Put/Call": null}]}, {"__class__": "tuple", "__value__": [{"1": "2166", "Agreement ID": "ba00001", "Agreement Name": "ba00001", "Trade Reference": "02145", "Trade Date": "27 07 2009", "Maturity Date": "30 06 2025", "Exchanged Notional 1 Currency": "eur", "Exchanged Notional 1 Amount": "93000000", "Exchanged Notional 2 Currency": "eur", "Exchanged Notional 2 Amount": "93000000", "Product Type": "interest rate swap basis", "Valuation Base Currency": "usd", "Valuation Base Currency Amount": "3379340.679", "Valuation Date": "27 09 2018", "Valuation Native Currency": "eur", "Valuation Native Currency Amount": "2913224.723", "Effective Date": "29 07 2009", "Buy/Sell": "payer", "Put/Call": null, "Strike Price": null, "Underlying": "eib", "Independent Amount Party A": null, "Independent Amount Party B": null, "Party A branch ID": "3645457", "Party A branch Name": "entityb", "Party B branch ID": "983400120", "Party B branch Name": "entitya", "ENTITYB_STATUS": "active"}, {"Agreement ID": "ba00001", "Trade Reference": "03879", "Party A branch Name": "entitya", "Product Type": "interest rate swap basis", "Trade Date": "07 29 2009", "Maturity Date": "07 18 2025", "Effective Date": "07 31 2009", "Exchanged Notional 1 Currency": "sek", "Exchanged Notional 1 Amount": "26000000", "Valuation Date": "09 27 2018", "Valuation Native Currency": "sek", "Valuation Native Currency Amount": "3388066.795", "Valuation Base Currency Amount": "372687.3475", "Independent Amount Party A": null, "Strike Price": null, "Underlying": null, "Buy/Sell": "receiver", "Put/Call": null}]}, {"__class__": "tuple", "__value__": [{"1": "4688", "Agreement ID": "ba00001", "Agreement Name": "ba00001", "Trade Reference": "04667", "Trade Date": "13 08 2015", "Maturity Date": "18 03 2024", "Exchanged Notional 1 Currency": "chf", "Exchanged Notional 1 Amount": "48000000", "Exchanged Notional 2 Currency": "chf", "Exchanged Notional 2 Amount": "48000000", "Product Type": "interest rate swaption", "Valuation Base Currency": "usd", "Valuation Base Currency Amount": "6135893.592", "Valuation Date": "27 09 2018", "Valuation Native Currency": "chf", "Valuation Native Currency Amount": "6015581.953", "Effective Date": "17 08 2015", "Buy/Sell": "payer", "Put/Call": "put", "Strike Price": null, "Underlying": null, "Independent Amount Party A": null, "Independent Amount Party B": null, "Party A branch ID": "3645457", "Party A branch Name": "entityb", "Party B branch ID": "983400120", "Party B branch Name": "entitya", "ENTITYB_STATUS": "active"}, {"Agreement ID": "ba00001", "Trade Reference": "01200", "Party A branch Name": "entitya", "Product Type": "cross currency swap", "Trade Date": "07 24 2015", "Maturity Date": "03 18 2024", "Effective Date": "07 28 2015", "Exchanged Notional 1 Currency": "gbp", "Exchanged Notional 1 Amount": "47000000", "Valuation Date": "09 27 2018", "Valuation Native Currency": "gbp", "Valuation Native Currency Amount": "4362076.831", "Valuation Base Currency Amount": "5583458.344", "Independent Amount Party A": null, "Strike Price": null, "Underlying": null, "Buy/Sell": "payer", "Put/Call": null}]}, {"__class__": "tuple", "__value__": [{"1": "4021", "Agreement ID": "ba00001", "Agreement Name": "ba00001", "Trade Reference": "04000", "Trade Date": "05 03 2012", "Maturity Date": "20 10 2025", "Exchanged Notional 1 Currency": "sek", "Exchanged Notional 1 Amount": "77000000", "Exchanged Notional 2 Currency": "chf", "Exchanged Notional 2 Amount": "8470000", "Product Type": "fx swap", "Valuation Base Currency": "usd", "Valuation Base Currency Amount": "656035.2773", "Valuation Date": "27 09 2018", "Valuation Native Currency": "sek", "Valuation Native Currency Amount": "5963957.067", "Effective Date": "07 03 2012", "Buy/Sell": null, "Put/Call": null, "Strike Price": "0.94", "Underlying": null, "Independent Amount Party A": null, "Independent Amount Party B": null, "Party A branch ID": "3645457", "Party A branch Name": "entityb", "Party B branch ID": "983400120", "Party B branch Name": "entitya", "ENTITYB_STATUS": "active"}, {"Agreement ID": "ba00001", "Trade Reference": "00323", "Party A branch Name": "entitya", "Product Type": "fx swap", "Trade Date": "10 03 2017", "Maturity Date": "08 18 2025", "Effective Date": "10 05 2017", "Exchanged Notional 1 Currency": "jpy", "Exchanged Notional 1 Amount": "61000000", "Valuation Date": "09 27 2018", "Valuation Native Currency": "jpy", "Valuation Native Currency Amount": "6287600.11", "Valuation Base Currency Amount": "56588.40099", "Independent Amount Party A": null, "Strike Price": "0.94", "Underlying": null, "Buy/Sell": null, "Put/Call": null}]}, {"__class__": "tuple", "__value__": [{"1": "579", "Agreement ID": "ba00001", "Agreement Name": "ba00001", "Trade Reference": "00558", "Trade Date": "14 04 2016", "Maturity Date": "13 09 2027", "Exchanged Notional 1 Currency": "chf", "Exchanged Notional 1 Amount": "36000000", "Exchanged Notional 2 Currency": "jpy", "Exchanged Notional 2 Amount": "4072680000", "Product Type": "fx swap", "Valuation Base Currency": "usd", "Valuation Base Currency Amount": "886341.5809", "Valuation Date": "27 09 2018", "Valuation Native Currency": "chf", "Valuation Native Currency Amount": "868962.3343", "Effective Date": "18 04 2016", "Buy/Sell": null, "Put/Call": null, "Strike Price": "0.266", "Underlying": null, "Independent Amount Party A": null, "Independent Amount Party B": null, "Party A branch ID": "3645457", "Party A branch Name": "entityb", "Party B branch ID": "983400120", "Party B branch Name": "entitya", "ENTITYB_STATUS": "active"}, {"Agreement ID": "ba00001", "Trade Reference": "03005", "Party A branch Name": "entitya", "Product Type": "fx swap", "Trade Date": "08 10 2015", "Maturity Date": "08 04 2028", "Effective Date": "08 12 2015", "Exchanged Notional 1 Currency": "aud", "Exchanged Notional 1 Amount": "43000000", "Valuation Date": "09 27 2018", "Valuation Native Currency": "aud", "Valuation Native Currency Amount": "1030871.244", "Valuation Base Currency Amount": "752536.0084", "Independent Amount Party A": null, "Strike Price": "0.266", "Underlying": null, "Buy/Sell": null, "Put/Call": null}]}], "match": [{"__class__": "tuple", "__value__": [{"1": "2913", "Agreement ID": "ba00001", "Agreement Name": "ba00001", "Trade Reference": "02892", "Trade Date": "22 12 2008", "Maturity Date": "17 10 2029", "Exchanged Notional 1 Currency": "eur", "Exchanged Notional 1 Amount": "37000000", "Exchanged Notional 2 Currency": "eur", "Exchanged Notional 2 Amount": "37000000", "Product Type": "interest rate swaption", "Valuation Base Currency": "usd", "Valuation Base Currency Amount": "4938755.305", "Valuation Date": "27 09 2018", "Valuation Native Currency": "eur", "Valuation Native Currency Amount": "4257547.677", "Effective Date": "24 12 2008", "Buy/Sell": "receiver", "Put/Call": "call", "Strike Price": null, "Underlying": "eib", "Independent Amount Party A": null, "Independent Amount Party B": null, "Party A branch ID": "3645457", "Party A branch Name": "entityb", "Party B branch ID": "983400120", "Party B branch Name": "entitya", "ENTITYB_STATUS": "active"}, {"Agreement ID": "ba00001", "Trade Reference": "02907", "Party A branch Name": "entitya", "Product Type": "interest rate swaption", "Trade Date": "12 22 2008", "Maturity Date": "10 17 2029", "Effective Date": "12 24 2008", "Exchanged Notional 1 Currency": "eur", "Exchanged Notional 1 Amount": "37000000", "Valuation Date": "09 27 2018", "Valuation Native Currency": "eur", "Valuation Native Currency Amount": "4257547.677", "Valuation Base Currency Amount": "4938755.305", "Independent Amount Party A": null, "Strike Price": null, "Underlying": "eib", "Buy/Sell": "payer", "Put/Call": "call"}]}, {"__class__": "tuple", "__value__": [{"1": "4008", "Agreement ID": "ba00001", "Agreement Name": "ba00001", "Trade Reference": "03987", "Trade Date": "08 08 2008", "Maturity Date": "01 06 2029", "Exchanged Notional 1 Currency": "sek", "Exchanged Notional 1 Amount": "14000000", "Exchanged Notional 2 Currency": "sek", "Exchanged Notional 2 Amount": "14000000", "Product Type": "interest rate swap", "Valuation Base Currency": "usd", "Valuation Base Currency Amount": "176149.8022", "Valuation Date": "27 09 2018", "Valuation Native Currency": "sek", "Valuation Native Currency Amount": "1601361.839", "Effective Date": "12 08 2008", "Buy/Sell": "receiver", "Put/Call": null, "Strike Price": null, "Underlying": null, "Independent Amount Party A": null, "Independent Amount Party B": null, "Party A branch ID": "3645457", "Party A branch Name": "entityb", "Party B branch ID": "983400120", "Party B branch Name": "entitya", "ENTITYB_STATUS": "active"}, {"Agreement ID": "ba00001", "Trade Reference": "04002", "Party A branch Name": "entitya", "Product Type": "interest rate swap", "Trade Date": "08 08 2008", "Maturity Date": "06 01 2029", "Effective Date": "08 12 2008", "Exchanged Notional 1 Currency": "sek", "Exchanged Notional 1 Amount": "14000000", "Valuation Date": "09 27 2018", "Valuation Native Currency": "sek", "Valuation Native Currency Amount": "1601361.839", "Valuation Base Currency Amount": "176149.8022", "Independent Amount Party A": null, "Strike Price": null, "Underlying": null, "Buy/Sell": "payer", "Put/Call": null}]}, {"__class__": "tuple", "__value__": [{"1": "2334", "Agreement ID": "ba00001", "Agreement Name": "ba00001", "Trade Reference": "02313", "Trade Date": "27 04 2011", "Maturity Date": "25 12 2018", "Exchanged Notional 1 Currency": "sek", "Exchanged Notional 1 Amount": "45000000", "Exchanged Notional 2 Currency": "sek", "Exchanged Notional 2 Amount": "45000000", "Product Type": "interest rate swap basis", "Valuation Base Currency": "usd", "Valuation Base Currency Amount": "285077.7924", "Valuation Date": "27 09 2018", "Valuation Native Currency": "sek", "Valuation Native Currency Amount": "2591616.295", "Effective Date": "29 04 2011", "Buy/Sell": "receiver", "Put/Call": null, "Strike Price": null, "Underlying": null, "Independent Amount Party A": null, "Independent Amount Party B": null, "Party A branch ID": "3645457", "Party A branch Name": "entityb", "Party B branch ID": "983400120", "Party B branch Name": "entitya", "ENTITYB_STATUS": "active"}, {"Agreement ID": "ba00001", "Trade Reference": "02328", "Party A branch Name": "entitya", "Product Type": "interest rate swap basis", "Trade Date": "04 27 2011", "Maturity Date": "12 25 2018", "Effective Date": "04 29 2011", "Exchanged Notional 1 Currency": "sek", "Exchanged Notional 1 Amount": "45000000", "Valuation Date": "09 27 2018", "Valuation Native Currency": "sek", "Valuation Native Currency Amount": "2591616.295", "Valuation Base Currency Amount": "285077.7924", "Independent Amount Party A": null, "Strike Price": null, "Underlying": null, "Buy/Sell": "payer", "Put/Call": null}]}, {"__class__": "tuple", "__value__": [{"1": "4751", "Agreement ID": "ba00001", "Agreement Name": "ba00001", "Trade Reference": "04730", "Trade Date": "13 06 2011", "Maturity Date": "14 03 2028", "Exchanged Notional 1 Currency": "gbp", "Exchanged Notional 1 Amount": "28000000", "Exchanged Notional 2 Currency": "dkk", "Exchanged Notional 2 Amount": "230720000", "Product Type": "fx swap", "Valuation Base Currency": "usd", "Valuation Base Currency Amount": "210267.3723", "Valuation Date": "27 09 2018", "Valuation Native Currency": "gbp", "Valuation Native Currency Amount": "164271.3846", "Effective Date": "15 06 2011", "Buy/Sell": null, "Put/Call": null, "Strike Price": "0.614", "Underlying": null, "Independent Amount Party A": null, "Independent Amount Party B": null, "Party A branch ID": "3645457", "Party A branch Name": "entityb", "Party B branch ID": "983400120", "Party B branch Name": "entitya", "ENTITYB_STATUS": "active"}, {"Agreement ID": "ba00001", "Trade Reference": "04745", "Party A branch Name": "entitya", "Product Type": "fx swap", "Trade Date": "06 13 2011", "Maturity Date": "03 14 2028", "Effective Date": "06 15 2011", "Exchanged Notional 1 Currency": "gbp", "Exchanged Notional 1 Amount": "28000000", "Valuation Date": "09 27 2018", "Valuation Native Currency": "gbp", "Valuation Native Currency Amount": "164271.3846", "Valuation Base Currency Amount": "210267.3723", "Independent Amount Party A": null, "Strike Price": "0.614", "Underlying": null, "Buy/Sell": null, "Put/Call": null}]}, {"__class__": "tuple", "__value__": [{"1": "1592", "Agreement ID": "ba00001", "Agreement Name": "ba00001", "Trade Reference": "01571", "Trade Date": "11 05 2015", "Maturity Date": "03 05 2027", "Exchanged Notional 1 Currency": "jpy", "Exchanged Notional 1 Amount": "6000000", "Exchanged Notional 2 Currency": "nok", "Exchanged Notional 2 Amount": "450000", "Product Type": "cross currency swap", "Valuation Base Currency": "usd", "Valuation Base Currency Amount": "1502.781666", "Valuation Date": "27 09 2018", "Valuation Native Currency": "jpy", "Valuation Native Currency Amount": "166975.7407", "Effective Date": "13 05 2015", "Buy/Sell": "receiver", "Put/Call": null, "Strike Price": null, "Underlying": null, "Independent Amount Party A": null, "Independent Amount Party B": null, "Party A branch ID": "3645457", "Party A branch Name": "entityb", "Party B branch ID": "983400120", "Party B branch Name": "entitya", "ENTITYB_STATUS": "active"}, {"Agreement ID": "ba00001", "Trade Reference": "01586", "Party A branch Name": "entitya", "Product Type": "cross currency swap", "Trade Date": "05 11 2015", "Maturity Date": "05 03 2027", "Effective Date": "05 13 2015", "Exchanged Notional 1 Currency": "jpy", "Exchanged Notional 1 Amount": "6000000", "Valuation Date": "09 27 2018", "Valuation Native Currency": "jpy", "Valuation Native Currency Amount": "166975.7407", "Valuation Base Currency Amount": "1502.781666", "Independent Amount Party A": null, "Strike Price": null, "Underlying": null, "Buy/Sell": "payer", "Put/Call": null}]}, {"__class__": "tuple", "__value__": [{"1": "679", "Agreement ID": "ba00001", "Agreement Name": "ba00001", "Trade Reference": "00658", "Trade Date": "22 09 2015", "Maturity Date": "09 07 2030", "Exchanged Notional 1 Currency": "eur", "Exchanged Notional 1 Amount": "88000000", "Exchanged Notional 2 Currency": "gbp", "Exchanged Notional 2 Amount": "80080000", "Product Type": "cross currency swap", "Valuation Base Currency": "usd", "Valuation Base Currency Amount": "15268495.74", "Valuation Date": "27 09 2018", "Valuation Native Currency": "eur", "Valuation Native Currency Amount": "13162496.32", "Effective Date": "24 09 2015", "Buy/Sell": "receiver", "Put/Call": null, "Strike Price": null, "Underlying": "eib", "Independent Amount Party A": null, "Independent Amount Party B": null, "Party A branch ID": "3645457", "Party A branch Name": "entityb", "Party B branch ID": "983400120", "Party B branch Name": "entitya", "ENTITYB_STATUS": "active"}, {"Agreement ID": "ba00001", "Trade Reference": "00673", "Party A branch Name": "entitya", "Product Type": "cross currency swap", "Trade Date": "09 22 2015", "Maturity Date": "07 09 2030", "Effective Date": "09 24 2015", "Exchanged Notional 1 Currency": "eur", "Exchanged Notional 1 Amount": "88000000", "Valuation Date": "09 27 2018", "Valuation Native Currency": "eur", "Valuation Native Currency Amount": "13162496.32", "Valuation Base Currency Amount": "15268495.74", "Independent Amount Party A": null, "Strike Price": null, "Underlying": "eib", "Buy/Sell": "payer", "Put/Call": null}]}, {"__class__": "tuple", "__value__": [{"1": "2859", "Agreement ID": "ba00001", "Agreement Name": "ba00001", "Trade Reference": "02838", "Trade Date": "01 05 2017", "Maturity Date": "26 11 2018", "Exchanged Notional 1 Currency": "jpy", "Exchanged Notional 1 Amount": "53000000", "Exchanged Notional 2 Currency": "nok", "Exchanged Notional 2 Amount": "3975000", "Product Type": "fx swap", "Valuation Base Currency": "usd", "Valuation Base Currency Amount": "60525.47546", "Valuation Date": "27 09 2018", "Valuation Native Currency": "jpy", "Valuation Native Currency Amount": "6725052.829", "Effective Date": "03 05 2017", "Buy/Sell": null, "Put/Call": null, "Strike Price": "0.584", "Underlying": null, "Independent Amount Party A": null, "Independent Amount Party B": null, "Party A branch ID": "3645457", "Party A branch Name": "entityb", "Party B branch ID": "983400120", "Party B branch Name": "entitya", "ENTITYB_STATUS": "active"}, {"Agreement ID": "ba00001", "Trade Reference": "02853", "Party A branch Name": "entitya", "Product Type": "fx swap", "Trade Date": "05 01 2017", "Maturity Date": "11 26 2018", "Effective Date": "05 03 2017", "Exchanged Notional 1 Currency": "jpy", "Exchanged Notional 1 Amount": "53000000", "Valuation Date": "09 27 2018", "Valuation Native Currency": "jpy", "Valuation Native Currency Amount": "6725052.829", "Valuation Base Currency Amount": "60525.47546", "Independent Amount Party A": null, "Strike Price": "0.584", "Underlying": null, "Buy/Sell": null, "Put/Call": null}]}, {"__class__": "tuple", "__value__": [{"1": "4819", "Agreement ID": "ba00001", "Agreement Name": "ba00001", "Trade Reference": "04798", "Trade Date": "07 05 2018", "Maturity Date": "07 10 2019", "Exchanged Notional 1 Currency": "gbp", "Exchanged Notional 1 Amount": "95000000", "Exchanged Notional 2 Currency": "gbp", "Exchanged Notional 2 Amount": "95000000", "Product Type": "interest rate swap", "Valuation Base Currency": "usd", "Valuation Base Currency Amount": "9225941.848", "Valuation Date": "27 09 2018", "Valuation Native Currency": "gbp", "Valuation Native Currency Amount": "7207767.068", "Effective Date": "09 05 2018", "Buy/Sell": "payer", "Put/Call": null, "Strike Price": null, "Underlying": null, "Independent Amount Party A": null, "Independent Amount Party B": null, "Party A branch ID": "3645457", "Party A branch Name": "entityb", "Party B branch ID": "983400120", "Party B branch Name": "entitya", "ENTITYB_STATUS": "active"}, {"Agreement ID": "ba00001", "Trade Reference": "04813", "Party A branch Name": "entitya", "Product Type": "interest rate swap", "Trade Date": "05 07 2018", "Maturity Date": "10 07 2019", "Effective Date": "05 09 2018", "Exchanged Notional 1 Currency": "gbp", "Exchanged Notional 1 Amount": "95000000", "Valuation Date": "09 27 2018", "Valuation Native Currency": "gbp", "Valuation Native Currency Amount": "7207767.068", "Valuation Base Currency Amount": "9225941.848", "Independent Amount Party A": null, "Strike Price": null, "Underlying": null, "Buy/Sell": "receiver", "Put/Call": null}]}, {"__class__": "tuple", "__value__": [{"1": "1338", "Agreement ID": "ba00001", "Agreement Name": "ba00001", "Trade Reference": "01317", "Trade Date": "17 11 2008", "Maturity Date": "03 10 2022", "Exchanged Notional 1 Currency": "eur", "Exchanged Notional 1 Amount": "66000000", "Exchanged Notional 2 Currency": "gbp", "Exchanged Notional 2 Amount": "60060000", "Product Type": "fx swap", "Valuation Base Currency": "usd", "Valuation Base Currency Amount": "970018.1578", "Valuation Date": "27 09 2018", "Valuation Native Currency": "eur", "Valuation Native Currency Amount": "836222.5498", "Effective Date": "19 11 2008", "Buy/Sell": null, "Put/Call": null, "Strike Price": "0.818", "Underlying": "eib", "Independent Amount Party A": null, "Independent Amount Party B": null, "Party A branch ID": "3645457", "Party A branch Name": "entityb", "Party B branch ID": "983400120", "Party B branch Name": "entitya", "ENTITYB_STATUS": "active"}, {"Agreement ID": "ba00001", "Trade Reference": "01332", "Party A branch Name": "entitya", "Product Type": "fx swap", "Trade Date": "11 17 2008", "Maturity Date": "10 03 2022", "Effective Date": "11 19 2008", "Exchanged Notional 1 Currency": "eur", "Exchanged Notional 1 Amount": "66000000", "Valuation Date": "09 27 2018", "Valuation Native Currency": "eur", "Valuation Native Currency Amount": "836222.5498", "Valuation Base Currency Amount": "970018.1578", "Independent Amount Party A": null, "Strike Price": "0.818", "Underlying": "eib", "Buy/Sell": null, "Put/Call": null}]}, {"__class__": "tuple", "__value__": [{"1": "1274", "Agreement ID": "ba00001", "Agreement Name": "ba00001", "Trade Reference": "01253", "Trade Date": "13 02 2017", "Maturity Date": "06 09 2027", "Exchanged Notional 1 Currency": "jpy", "Exchanged Notional 1 Amount": "62000000", "Exchanged Notional 2 Currency": "nok", "Exchanged Notional 2 Amount": "4650000", "Product Type": "fx swap", "Valuation Base Currency": "usd", "Valuation Base Currency Amount": "52875.74229", "Valuation Date": "27 09 2018", "Valuation Native Currency": "jpy", "Valuation Native Currency Amount": "5875082.477", "Effective Date": "15 02 2017", "Buy/Sell": null, "Put/Call": null, "Strike Price": "0.702", "Underlying": null, "Independent Amount Party A": null, "Independent Amount Party B": null, "Party A branch ID": "3645457", "Party A branch Name": "entityb", "Party B branch ID": "983400120", "Party B branch Name": "entitya", "ENTITYB_STATUS": "active"}, {"Agreement ID": "ba00001", "Trade Reference": "01268", "Party A branch Name": "entitya", "Product Type": "fx swap", "Trade Date": "02 13 2017", "Maturity Date": "09 06 2027", "Effective Date": "02 15 2017", "Exchanged Notional 1 Currency": "jpy", "Exchanged Notional 1 Amount": "62000000", "Valuation Date": "09 27 2018", "Valuation Native Currency": "jpy", "Valuation Native Currency Amount": "5875082.477", "Valuation Base Currency Amount": "52875.74229", "Independent Amount Party A": null, "Strike Price": "0.702", "Underlying": null, "Buy/Sell": null, "Put/Call": null}]}, {"__class__": "tuple", "__value__": [{"1": "1882", "Agreement ID": "ba00001", "Agreement Name": "ba00001", "Trade Reference": "01861", "Trade Date": "25 07 2016", "Maturity Date": "03 08 2020", "Exchanged Notional 1 Currency": "chf", "Exchanged Notional 1 Amount": "65000000", "Exchanged Notional 2 Currency": "jpy", "Exchanged Notional 2 Amount": "7353450000", "Product Type": "fx swap", "Valuation Base Currency": "usd", "Valuation Base Currency Amount": "578105.0082", "Valuation Date": "27 09 2018", "Valuation Native Currency": "chf", "Valuation Native Currency Amount": "566769.6158", "Effective Date": "27 07 2016", "Buy/Sell": null, "Put/Call": null, "Strike Price": "0.04", "Underlying": null, "Independent Amount Party A": null, "Independent Amount Party B": null, "Party A branch ID": "3645457", "Party A branch Name": "entityb", "Party B branch ID": "983400120", "Party B branch Name": "entitya", "ENTITYB_STATUS": "active"}, {"Agreement ID": "ba00001", "Trade Reference": "01876", "Party A branch Name": "entitya", "Product Type": "fx swap", "Trade Date": "07 25 2016", "Maturity Date": "08 03 2020", "Effective Date": "07 27 2016", "Exchanged Notional 1 Currency": "chf", "Exchanged Notional 1 Amount": "65000000", "Valuation Date": "09 27 2018", "Valuation Native Currency": "chf", "Valuation Native Currency Amount": "566769.6158", "Valuation Base Currency Amount": "578105.0082", "Independent Amount Party A": null, "Strike Price": "0.04", "Underlying": null, "Buy/Sell": null, "Put/Call": null}]}, {"__class__": "tuple", "__value__": [{"1": "3149", "Agreement ID": "ba00001", "Agreement Name": "ba00001", "Trade Reference": "03128", "Trade Date": "12 10 2006", "Maturity Date": "10 05 2021", "Exchanged Notional 1 Currency": "jpy", "Exchanged Notional 1 Amount": "29000000", "Exchanged Notional 2 Currency": "nok", "Exchanged Notional 2 Amount": "2175000", "Product Type": "fx swap", "Valuation Base Currency": "usd", "Valuation Base Currency Amount": "20291.32867", "Valuation Date": "27 09 2018", "Valuation Native Currency": "jpy", "Valuation Native Currency Amount": "2254592.075", "Effective Date": "16 10 2006", "Buy/Sell": null, "Put/Call": null, "Strike Price": "0.19", "Underlying": null, "Independent Amount Party A": null, "Independent Amount Party B": null, "Party A branch ID": "3645457", "Party A branch Name": "entityb", "Party B branch ID": "983400120", "Party B branch Name": "entitya", "ENTITYB_STATUS": "active"}, {"Agreement ID": "ba00001", "Trade Reference": "03143", "Party A branch Name": "entitya", "Product Type": "fx swap", "Trade Date": "10 12 2006", "Maturity Date": "05 10 2021", "Effective Date": "10 16 2006", "Exchanged Notional 1 Currency": "jpy", "Exchanged Notional 1 Amount": "29000000", "Valuation Date": "09 27 2018", "Valuation Native Currency": "jpy", "Valuation Native Currency Amount": "2254592.075", "Valuation Base Currency Amount": "20291.32867", "Independent Amount Party A": null, "Strike Price": "0.19", "Underlying": null, "Buy/Sell": null, "Put/Call": null}]}, {"__class__": "tuple", "__value__": [{"1": "294", "Agreement ID": "ba00001", "Agreement Name": "ba00001", "Trade Reference": "00273", "Trade Date": "10 10 2008", "Maturity Date": "26 12 2022", "Exchanged Notional 1 Currency": "dkk", "Exchanged Notional 1 Amount": "52000000", "Exchanged Notional 2 Currency": "cad", "Exchanged Notional 2 Amount": "10400000", "Product Type": "fx swap", "Valuation Base Currency": "usd", "Valuation Base Currency Amount": "576.6254429", "Valuation Date": "27 09 2018", "Valuation Native Currency": "dkk", "Valuation Native Currency Amount": "3603.909018", "Effective Date": "14 10 2008", "Buy/Sell": null, "Put/Call": null, "Strike Price": "0.482", "Underlying": null, "Independent Amount Party A": null, "Independent Amount Party B": null, "Party A branch ID": "3645457", "Party A branch Name": "entityb", "Party B branch ID": "983400120", "Party B branch Name": "entitya", "ENTITYB_STATUS": "active"}, {"Agreement ID": "ba00001", "Trade Reference": "00288", "Party A branch Name": "entitya", "Product Type": "fx swap", "Trade Date": "10 10 2008", "Maturity Date": "12 26 2022", "Effective Date": "10 14 2008", "Exchanged Notional 1 Currency": "dkk", "Exchanged Notional 1 Amount": "52000000", "Valuation Date": "09 27 2018", "Valuation Native Currency": "dkk", "Valuation Native Currency Amount": "3603.909018", "Valuation Base Currency Amount": "576.6254429", "Independent Amount Party A": null, "Strike Price": "0.482", "Underlying": null, "Buy/Sell": null, "Put/Call": null}]}, {"__class__": "tuple", "__value__": [{"1": "215", "Agreement ID": "ba00001", "Agreement Name": "ba00001", "Trade Reference": "00194", "Trade Date": "12 11 2010", "Maturity Date": "24 04 2030", "Exchanged Notional 1 Currency": "nok", "Exchanged Notional 1 Amount": "34000000", "Exchanged Notional 2 Currency": "aud", "Exchanged Notional 2 Amount": "5440000", "Product Type": "fx swap", "Valuation Base Currency": "usd", "Valuation Base Currency Amount": "321372.9439", "Valuation Date": "27 09 2018", "Valuation Native Currency": "nok", "Valuation Native Currency Amount": "2678107.866", "Effective Date": "16 11 2010", "Buy/Sell": null, "Put/Call": null, "Strike Price": "0.882", "Underlying": null, "Independent Amount Party A": null, "Independent Amount Party B": null, "Party A branch ID": "3645457", "Party A branch Name": "entityb", "Party B branch ID": "983400120", "Party B branch Name": "entitya", "ENTITYB_STATUS": "active"}, {"Agreement ID": "ba00001", "Trade Reference": "00209", "Party A branch Name": "entitya", "Product Type": "fx swap", "Trade Date": "11 12 2010", "Maturity Date": "04 24 2030", "Effective Date": "11 16 2010", "Exchanged Notional 1 Currency": "nok", "Exchanged Notional 1 Amount": "34000000", "Valuation Date": "09 27 2018", "Valuation Native Currency": "nok", "Valuation Native Currency Amount": "2678107.866", "Valuation Base Currency Amount": "321372.9439", "Independent Amount Party A": null, "Strike Price": "0.882", "Underlying": null, "Buy/Sell": null, "Put/Call": null}]}, {"__class__": "tuple", "__value__": [{"1": "258", "Agreement ID": "ba00001", "Agreement Name": "ba00001", "Trade Reference": "00237", "Trade Date": "13 02 2017", "Maturity Date": "21 04 2025", "Exchanged Notional 1 Currency": "aud", "Exchanged Notional 1 Amount": "96000000", "Exchanged Notional 2 Currency": "usd", "Exchanged Notional 2 Amount": "70080000", "Product Type": "fx swap", "Valuation Base Currency": "usd", "Valuation Base Currency Amount": "8214613.602", "Valuation Date": "27 09 2018", "Valuation Native Currency": "aud", "Valuation Native Currency Amount": "11252895.34", "Effective Date": "15 02 2017", "Buy/Sell": null, "Put/Call": null, "Strike Price": "0.776", "Underlying": null, "Independent Amount Party A": null, "Independent Amount Party B": null, "Party A branch ID": "3645457", "Party A branch Name": "entityb", "Party B branch ID": "983400120", "Party B branch Name": "entitya", "ENTITYB_STATUS": "active"}, {"Agreement ID": "ba00001", "Trade Reference": "00252", "Party A branch Name": "entitya", "Product Type": "fx swap", "Trade Date": "02 13 2017", "Maturity Date": "04 21 2025", "Effective Date": "02 15 2017", "Exchanged Notional 1 Currency": "aud", "Exchanged Notional 1 Amount": "96000000", "Valuation Date": "09 27 2018", "Valuation Native Currency": "aud", "Valuation Native Currency Amount": "11252895.34", "Valuation Base Currency Amount": "8214613.602", "Independent Amount Party A": null, "Strike Price": "0.776", "Underlying": null, "Buy/Sell": null, "Put/Call": null}]}]}